{
  "generatedBy": "Microsoft.NET.Sdk.Functions-1.0.29",
  "configurationSource": "attributes",
  "bindings": [
    {
      "type": "cosmosDBTrigger",
      "leaseCollectionPrefix": "partitionedfeed",
      "leaseCollectionName": "leases",
      "createLeaseCollectionIfNotExists": true,
      "connectionStringSetting": "cosmosconnectionstring",
      "collectionName": "%cosmoscollectionname%",
      "databaseName": "%cosmosdbname%",
      "leaseDatabaseName": "%cosmosdbname%",
      "feedPollDelay": 1000,
      "maxItemsPerInvocation": 100,
      "startFromBeginning": false,
      "useMultipleWriteLocations": false,
      "useDefaultJsonSerialization": false,
      "name": "input"
    }
  ],
  "disabled": false,
  "scriptFile": "../bin/qna-backend.dll",
  "entryPoint": "Qna.Backend.ChangeFeedProcessor.RunPartitionedChangeFeed"
}